time,activityType,lapNumber,distance,speed,calories,lat,long,elevation,heartRate,cycles
0,0,1,0.7,0.99,0,40.019216,116.284744,53.6,,7
1,0,1,1.74,0.97,0,40.019213,116.284735,53.6,,0
2,0,1,2.83,1.14,0,40.019209,116.284722,53.5,,0
3,0,1,3.94,1.16,0,40.019205,116.284707,53.5,,2
4,0,1,5.2,1.35,0,40.019202,116.28469,53.4,,2
5,0,1,6.61,1.58,0,40.019198,116.284671,53.3,,2
6,0,1,8.15,1.79,0,40.019195,116.284651,53.3,,2
7,0,1,9.79,1.87,0,40.019191,116.28463,53.2,,2
8,0,1,11.56,1.92,0,40.019188,116.284609,53.1,,6
9,0,1,13.41,1.92,0,40.019185,116.284589,53.1,,6
10,0,1,15.3,1.73,1,40.019183,116.28457,53.0,,2
11,0,1,17.21,1.55,1,40.01918,116.284553,53.0,,3
12,0,1,19.07,1.28,1,40.019175,116.284536,52.9,,3
13,0,1,20.91,1.28,1,40.019167,116.284522,52.9,,3
14,0,1,22.77,1.64,1,40.019156,116.284508,52.8,,3
15,0,1,24.7,2.04,1,40.01914,116.284497,52.8,,2
16,0,1,26.71,2.26,1,40.01912,116.284487,52.7,,4
17,0,1,28.79,2.28,1,40.019098,116.284478,52.7,,2
18,0,1,30.92,2.33,1,40.019075,116.284472,52.7,,3
19,0,1,33.14,2.63,2,40.019052,116.284467,52.7,,3
20,0,1,35.44,2.7,2,40.019029,116.284463,52.7,,3
21,0,1,37.75,2.6,2,40.019005,116.284461,52.6,,3
22,0,1,40.06,2.06,2,40.018982,116.28446,52.6,,4
23,0,1,42.37,1.97,2,40.018959,116.28446,52.6,,1
24,0,1,44.68,2.33,2,40.018936,116.284461,52.6,,3
25,0,1,46.99,2.44,3,40.018912,116.284463,52.6,,2
26,0,1,49.29,2.63,3,40.018889,116.284465,52.6,,3
27,0,1,51.6,2.58,3,40.018866,116.284468,52.6,,3
28,0,1,53.91,2.35,3,40.018843,116.284471,52.6,,3
29,0,1,56.22,2.23,3,40.018819,116.284474,52.6,,2
30,0,1,58.53,2.41,3,40.018796,116.284477,52.6,,3
31,0,1,60.84,2.46,3,40.018773,116.28448,52.6,,3
32,0,1,63.15,2.35,4,40.01875,116.284482,52.6,,3
33,0,1,65.46,2.17,4,40.018727,116.284484,52.6,,4
34,0,1,67.77,1.96,4,40.018704,116.284486,52.6,,3
35,0,1,70.08,2.51,4,40.018681,116.284486,52.5,,3
36,0,1,72.4,2.24,4,40.018658,116.284486,52.5,,1
37,0,1,74.71,2.48,4,40.018635,116.284485,52.5,,3
38,0,1,77.03,2.39,5,40.018612,116.284483,52.5,,2
39,0,1,79.35,2.47,5,40.018589,116.284482,52.5,,3
40,0,1,81.66,2.47,5,40.018566,116.28448,52.5,,3
41,0,1,83.98,2.84,5,40.018543,116.284478,52.5,,3
42,0,1,86.3,2.77,5,40.018519,116.284477,52.5,,2
43,0,1,88.63,2.5,5,40.018496,116.284477,52.4,,2
44,0,1,90.95,2.56,5,40.018473,116.284477,52.4,,3
45,0,1,93.27,2.5,6,40.018449,116.284479,52.4,,2
46,0,1,95.6,2.61,6,40.018425,116.284481,52.4,,3
47,0,1,97.92,2.06,6,40.018401,116.284484,52.4,,3
48,0,1,100.25,2.01,6,40.018377,116.284488,52.4,,2
49,0,1,122.26,2.42,6,40.018353,116.284491,52.4,,4
50,0,1,124.76,2.06,6,40.018329,116.284495,52.4,,2
51,0,1,127.7,2.62,7,40.018304,116.284499,52.3,,3
52,0,1,131.01,2.99,7,40.018279,116.284502,52.2,,3
53,0,1,134.63,3.3,7,40.018253,116.284504,52.1,,3
54,0,1,137.71,2.76,7,40.018228,116.284506,52.0,,3
55,0,1,140.69,2.66,7,40.018202,116.284506,51.9,,2
56,0,1,143.73,2.72,7,40.018178,116.284507,51.8,,3
57,0,1,146.41,2.33,7,40.018154,116.284507,51.7,,3
58,0,1,149.09,2.27,8,40.018133,116.284508,51.6,,3
59,0,1,149.09,1.86,8,40.018113,116.284509,51.6,,3
60,0,1,149.09,1.98,8,40.018095,116.284511,51.5,,5
61,0,1,151.6,2.13,8,40.018077,116.284514,51.4,,4
62,0,1,151.6,2.1,8,40.018058,116.284517,51.4,,4
63,0,1,151.6,1.75,8,40.018038,116.284521,51.3,,2
64,0,1,153.92,1.88,8,40.018017,116.284526,51.2,,4
65,0,1,158.72,2.53,9,40.017994,116.284532,51.2,,2
66,0,1,161.67,2.51,9,40.017971,116.284538,51.1,,3
67,0,1,164.35,2.18,9,40.017946,116.284545,51.0,,3
68,0,1,166.26,2.44,9,40.017921,116.284553,50.9,,3
69,0,1,169.81,3.08,9,40.017895,116.284563,50.9,,3
70,0,1,173.14,3.01,9,40.017869,116.284574,50.8,,3
71,0,1,175.99,2.59,10,40.017844,116.284586,50.7,,4
72,0,1,178.53,2.31,10,40.017819,116.2846,50.7,,2
73,0,1,178.53,3.06,10,40.017794,116.284616,50.6,,7
74,0,1,178.53,3.06,10,40.01777,116.284633,50.6,,7
75,0,1,181.66,2.96,10,40.017747,116.284652,50.6,,3
76,0,1,184.79,2.93,10,40.017724,116.284673,50.6,,3
77,0,1,187.78,2.79,11,40.017702,116.284695,50.6,,2
78,0,1,191.39,2.94,11,40.017682,116.284719,50.6,,3
79,0,1,194.73,3.05,11,40.017662,116.284745,50.6,,4
80,0,1,198.13,2.96,11,40.017644,116.284773,50.6,,4
81,0,1,206.4,2.16,11,40.017628,116.284798,50.7,,3
82,0,1,208.67,1.86,11,40.017616,116.284819,50.7,,3
83,0,1,210.49,1.41,12,40.017607,116.284835,50.7,,3
84,0,1,215.84,1.22,12,40.017601,116.284851,50.7,,2
85,0,1,220.98,1.59,12,40.017597,116.284874,50.8,,4
86,0,1,223.68,2.28,12,40.017594,116.284905,50.9,,1
87,0,1,226.37,2.38,12,40.017593,116.284941,51.0,,3
88,0,1,229.18,2.54,12,40.017594,116.28498,51.2,,3
89,0,1,232.17,2.77,13,40.017595,116.28502,51.2,,5
90,0,1,235.52,3.02,13,40.017598,116.28506,51.3,,1
91,0,1,239.28,3.17,13,40.017602,116.2851,51.3,,3
92,0,1,243.06,3.12,13,40.017606,116.285141,51.4,,2
93,0,1,246.57,3.03,13,40.017611,116.285181,51.4,,6
94,0,1,249.93,2.99,13,40.017616,116.28522,51.5,,6
95,0,1,253.17,2.79,14,40.017621,116.285259,51.5,,2
96,0,1,256.24,2.82,14,40.017625,116.285298,51.6,,3
97,0,1,259.31,2.7,14,40.017629,116.285335,51.6,,3
98,0,1,262.31,2.74,14,40.017632,116.285371,51.6,,3
99,0,1,265.44,3.04,14,40.017633,116.285406,51.7,,6
100,0,1,268.91,2.85,14,40.017635,116.285441,51.7,,6
101,0,1,272.1,2.61,15,40.017636,116.285474,51.7,,5
102,0,1,274.9,2.59,15,40.017637,116.285506,51.7,,4
103,0,1,277.58,2.35,15,40.017638,116.285537,51.8,,5
104,0,1,279.98,2.56,15,40.017639,116.285567,51.8,,2
105,0,1,282.56,2.25,15,40.017641,116.285596,51.8,,3
106,0,1,284.87,2.17,15,40.017643,116.285624,51.8,,3
107,0,1,287.26,2.38,16,40.017646,116.285652,51.9,,2
108,0,1,289.89,2.25,16,40.01765,116.28568,51.9,,4
109,0,1,292.38,2.4,16,40.017653,116.285708,51.9,,2
110,0,1,295.03,2.54,16,40.017655,116.285737,51.9,,3
111,0,1,297.94,2.59,16,40.017658,116.285767,52.0,,7
112,0,1,300.77,2.54,16,40.017659,116.285799,52.0,,7
113,0,1,303.69,2.63,17,40.017661,116.285832,52.0,,3
114,0,1,303.69,2.77,17,40.017662,116.285868,52.0,,5
115,0,1,303.69,2.78,17,40.017664,116.285904,51.9,,3
116,0,1,307.02,3.04,17,40.017664,116.285942,51.8,,5
117,0,1,309.58,3.06,17,40.017662,116.285979,51.8,,3
118,0,1,312.69,2.82,17,40.017657,116.286014,51.7,,1
119,0,1,315.79,2.9,18,40.017648,116.286047,51.7,,4
120,0,1,319.15,2.66,18,40.017635,116.286075,51.7,,3
121,0,1,322.18,2.83,18,40.017617,116.2861,51.6,,3
122,0,1,324.87,2.46,18,40.017596,116.286121,51.6,,3
123,0,1,328.22,2.58,18,40.017573,116.286139,51.6,,2
124,0,1,331.5,2.87,18,40.01755,116.286153,51.6,,3
125,0,1,334.73,2.91,19,40.017526,116.286165,51.6,,3
126,0,1,337.14,3.03,19,40.017502,116.286174,51.6,,2
127,0,1,345.72,2.93,19,40.017477,116.28618,51.7,,3
128,0,1,349.92,2.8,19,40.017453,116.286185,51.8,,3
129,0,1,352.73,2.57,19,40.017428,116.286188,51.9,,0
130,0,1,355.25,2.37,19,40.017404,116.286189,52.0,,0
131,0,1,357.55,2.24,20,40.017381,116.28619,52.0,,2
132,0,1,359.84,2.45,20,40.017357,116.28619,52.1,,3
133,0,1,362.46,2.27,20,40.017335,116.286189,52.2,,3
134,0,1,364.91,2.27,20,40.017312,116.286188,52.3,,2
135,0,1,367.22,2.14,20,40.017291,116.286187,52.4,,4
136,0,1,369.39,2.09,20,40.017269,116.286187,52.5,,2
137,0,1,371.64,2.39,21,40.017248,116.286188,52.6,,3
138,0,1,374.31,2.53,21,40.017227,116.28619,52.6,,3
139,0,1,377.13,2.61,21,40.017206,116.286194,52.7,,3
140,0,1,379.87,2.45,21,40.017185,116.2862,52.8,,1
141,0,1,382.4,2.5,21,40.017164,116.286208,52.9,,3
142,0,1,385.07,2.72,21,40.017143,116.286218,53.0,,4
143,0,1,387.86,2.38,22,40.017121,116.286231,53.1,,4
144,0,1,390.31,2.62,22,40.0171,116.286245,53.2,,5
145,0,1,393.14,2.53,22,40.017079,116.286261,53.3,,4
146,0,1,396.02,2.56,22,40.017059,116.286278,53.4,,3
147,0,1,398.95,2.7,22,40.017039,116.286297,53.5,,4
148,0,1,401.46,2.34,22,40.01702,116.286317,53.6,,1
149,0,1,401.46,2.4,23,40.017002,116.286338,53.7,,3
150,0,1,401.46,2.66,23,40.016984,116.28636,53.8,,3
151,0,1,404.28,2.62,23,40.016968,116.286382,53.9,,2
152,0,1,406.58,2.67,23,40.016952,116.286406,54.0,,3
153,0,1,409.3,2.55,23,40.016937,116.286429,54.1,,5
154,0,1,411.93,2.46,23,40.016922,116.286452,54.2,,5
155,0,1,414.66,2.5,24,40.016908,116.286476,54.3,,4
156,0,1,417.27,2.44,24,40.016893,116.286499,54.4,,2
157,0,1,419.85,2.41,24,40.016879,116.286522,54.5,,3
158,0,1,422.32,2.35,24,40.016865,116.286544,54.6,,3
159,0,1,424.85,2.36,24,40.01685,116.286566,54.7,,3
160,0,1,427.39,2.37,24,40.016835,116.286587,54.9,,4
161,0,1,429.75,2.37,25,40.016821,116.28661,55.0,,4
162,0,1,436.44,2.59,25,40.016808,116.286635,55.1,,3
163,0,1,440.31,2.72,25,40.016795,116.286664,55.2,,3
164,0,1,443.61,2.7,25,40.016784,116.286696,55.2,,1
165,0,1,446.69,2.54,25,40.016774,116.28673,55.2,,3
166,0,1,449.48,2.5,25,40.016764,116.286764,55.2,,1
167,0,1,452.16,2.45,26,40.016754,116.286796,55.2,,2
168,0,1,452.16,2.29,26,40.016743,116.286824,55.2,,3
169,0,1,452.16,2.24,26,40.016732,116.286848,55.2,,3
170,0,1,454.76,2.37,26,40.01672,116.28687,55.2,,4
171,0,1,456.9,2.28,26,40.016707,116.286889,55.2,,6
172,0,1,459.24,2.11,26,40.016693,116.286906,55.3,,6
173,0,1,461.42,1.95,27,40.016677,116.286922,55.3,,3
174,0,1,463.88,1.98,27,40.016661,116.286938,55.3,,3
175,0,1,466.16,2.08,27,40.016643,116.286953,55.2,,3
176,0,1,468.67,2.31,27,40.016623,116.286969,55.1,,4
177,0,1,470.29,2.49,27,40.016603,116.286985,54.9,,3
178,0,1,473.49,3.0,27,40.016581,116.287001,54.8,,6
179,0,1,476.53,2.84,28,40.016558,116.287017,54.6,,1
180,0,1,477.85,2.88,28,40.016534,116.287033,54.5,,2
181,0,1,480.96,2.82,28,40.01651,116.287048,54.3,,3
182,0,1,484.0,2.69,28,40.016485,116.287061,54.2,,2
183,0,1,487.16,2.64,28,40.01646,116.287074,54.0,,5
184,0,1,490.31,2.83,28,40.016435,116.287085,53.9,,5
185,0,1,493.25,2.65,29,40.01641,116.287095,53.7,,3
186,0,1,496.2,2.82,29,40.016386,116.287103,53.6,,3
187,0,1,499.3,2.81,29,40.016361,116.28711,53.5,,3
188,0,1,502.26,2.67,29,40.016336,116.287116,53.3,,2
189,0,1,504.83,2.72,29,40.016311,116.287121,53.2,,6
190,0,1,512.12,2.67,29,40.016286,116.287125,53.1,,2
191,0,1,515.74,2.79,30,40.01626,116.287128,52.9,,3
192,0,1,518.64,2.69,30,40.016235,116.287131,52.8,,3
193,0,1,521.5,3.0,30,40.016209,116.287134,52.7,,3
194,0,1,524.75,3.17,30,40.016183,116.287136,52.6,,2
195,0,1,527.92,2.88,30,40.016156,116.287139,52.4,,3
196,0,1,531.13,2.92,30,40.016129,116.287141,52.3,,3
197,0,1,531.13,2.86,31,40.016102,116.287144,52.1,,3
198,0,1,531.13,3.0,31,40.016075,116.287146,52.0,,3
199,0,1,534.5,3.05,31,40.016048,116.287149,51.9,,1
200,0,1,536.98,3.11,31,40.01602,116.287151,51.7,,2
201,0,1,540.48,3.21,31,40.015992,116.287154,51.6,,3
202,0,1,544.06,3.29,31,40.015964,116.287156,51.5,,3
203,0,1,546.44,3.09,32,40.015937,116.287159,51.3,,3
204,0,1,549.81,3.08,32,40.015909,116.287162,51.2,,1
205,0,1,553.11,3.01,32,40.015881,116.287164,51.0,,2
206,0,1,555.99,2.75,32,40.015853,116.287167,50.9,,3
207,0,1,559.36,3.08,32,40.015826,116.287171,50.8,,3
208,0,1,562.48,2.83,32,40.015798,116.287174,50.8,,3
209,0,1,564.69,2.58,32,40.015771,116.287178,50.8,,3
210,0,1,567.8,2.82,33,40.015744,116.287182,50.8,,2
211,0,1,571.25,3.16,33,40.015717,116.287186,50.9,,3
212,0,1,573.19,2.89,33,40.015691,116.28719,50.9,,2
213,0,1,576.49,3.04,33,40.015664,116.287194,50.9,,5
214,0,1,579.72,2.97,33,40.015638,116.287198,50.9,,5
215,0,1,582.27,2.9,33,40.015612,116.287202,50.9,,3
216,0,1,585.56,3.03,34,40.015587,116.287205,51.0,,3
217,0,1,588.7,2.88,34,40.015561,116.287208,51.0,,2
218,0,1,591.29,2.97,34,40.015536,116.287209,51.0,,3
219,0,1,594.32,2.77,34,40.01551,116.28721,51.0,,3
220,0,1,597.34,2.76,34,40.015485,116.287211,51.1,,2
221,0,1,600.15,2.86,34,40.01546,116.28721,51.1,,4
222,0,1,603.22,2.78,35,40.015435,116.287209,51.1,,2
223,0,1,606.46,2.98,35,40.01541,116.287208,51.2,,3
224,0,1,608.53,2.93,35,40.015385,116.287207,51.2,,3
225,0,1,611.66,2.84,35,40.01536,116.287206,51.2,,2
226,0,1,614.73,2.78,35,40.015334,116.287206,51.2,,4
227,0,1,617.0,2.88,35,40.015308,116.287207,51.3,,2
228,0,1,620.16,2.87,36,40.015282,116.28721,51.3,,3
229,0,1,623.24,2.79,36,40.015255,116.287214,51.3,,3
230,0,1,625.45,2.76,36,40.015228,116.287219,51.4,,3
231,0,1,628.85,3.11,36,40.015201,116.287225,51.4,,3
232,0,1,632.25,3.11,36,40.015174,116.287232,51.5,,2
233,0,1,633.99,3.08,36,40.015148,116.287238,51.5,,3
234,0,1,637.22,2.94,37,40.015121,116.287245,51.6,,3
235,0,1,640.47,2.96,37,40.015095,116.287251,51.7,,3
236,0,1,643.19,3.04,37,40.01507,116.287255,51.7,,1
237,0,1,646.37,2.86,37,40.015045,116.287259,51.8,,2
238,0,1,649.44,2.81,37,40.015021,116.287261,51.8,,3
239,0,1,652.0,2.6,37,40.014998,116.287261,51.8,,3
240,0,1,654.83,2.57,38,40.014975,116.287261,51.8,,2
241,0,1,657.58,2.49,38,40.014953,116.28726,51.7,,4
242,0,1,660.04,2.55,38,40.01493,116.287259,51.6,,2
243,0,1,662.76,2.46,38,40.014907,116.287258,51.5,,6
244,0,1,665.74,2.72,38,40.014883,116.287258,51.4,,6
245,0,1,667.61,2.85,38,40.014858,116.28726,51.3,,5
246,0,1,670.73,2.83,39,40.014832,116.287262,51.2,,3
247,0,1,673.75,2.73,39,40.014805,116.287266,51.1,,2
248,0,1,675.72,3.22,39,40.014777,116.287271,51.0,,3
249,0,1,678.98,3.0,39,40.014749,116.287276,50.9,,3
250,0,1,682.18,2.94,39,40.01472,116.287282,50.8,,2
251,0,1,684.77,3.33,39,40.014692,116.287288,50.7,,1
252,0,1,687.87,2.84,40,40.014663,116.287294,50.6,,1
253,0,1,691.35,3.22,40,40.014635,116.2873,50.5,,3
254,0,1,694.33,3.21,40,40.014607,116.287305,50.4,,2
255,0,1,697.64,3.11,40,40.01458,116.287309,50.3,,2
256,0,1,700.9,3.06,40,40.014554,116.287313,50.2,,3
257,0,1,703.63,2.74,40,40.014529,116.287315,50.1,,2
258,0,1,706.77,2.91,41,40.014504,116.287317,50.0,,3
259,0,1,709.69,2.69,41,40.014479,116.287318,49.9,,2
260,0,1,712.41,2.65,41,40.014454,116.287319,49.8,,3
261,0,1,715.44,2.77,41,40.01443,116.287319,49.7,,3
262,0,1,718.41,2.71,41,40.014405,116.287318,49.6,,3
263,0,1,720.71,2.63,41,40.01438,116.287317,49.5,,3
264,0,1,723.71,2.74,42,40.014355,116.287316,49.4,,3
265,0,1,726.87,2.9,42,40.01433,116.287315,49.3,,2
266,0,1,728.96,2.87,42,40.014304,116.287314,49.1,,3
267,0,1,732.07,2.85,42,40.014279,116.287315,49.0,,4
268,0,1,735.37,3.04,42,40.014253,116.287317,48.9,,4
269,0,1,737.71,2.65,42,40.014228,116.287322,48.8,,3
270,0,1,740.75,2.78,43,40.014202,116.287327,48.7,,3
271,0,1,743.95,2.94,43,40.014176,116.28733,48.6,,3
272,0,1,746.63,2.93,43,40.014149,116.287328,48.5,,2
273,0,1,750.19,3.3,43,40.014121,116.287319,48.5,,6
274,0,1,753.63,3.24,43,40.014095,116.287304,48.4,,6
275,0,1,755.77,3.39,43,40.01407,116.287285,48.3,,3
276,0,1,759.16,3.19,44,40.014051,116.287261,48.2,,3
277,0,1,762.55,3.16,44,40.014037,116.287233,48.1,,2
278,0,1,765.27,3.07,44,40.014028,116.287203,48.1,,3
279,0,1,768.44,2.85,44,40.014022,116.287171,48.0,,3
280,0,1,771.41,2.68,44,40.014018,116.287139,48.0,,2
281,0,1,775.3,2.8,44,40.014014,116.287106,47.9,,3
282,0,1,783.73,2.57,45,40.01401,116.287074,47.9,,3
283,0,1,787.6,2.66,45,40.014005,116.287041,47.9,,2
284,0,1,790.49,2.87,45,40.014,116.287008,47.8,,4
285,0,1,793.59,2.76,45,40.013995,116.286975,47.8,,1
286,0,1,796.54,2.84,45,40.01399,116.286943,47.7,,5
287,0,1,799.46,2.7,45,40.013985,116.28691,47.7,,2
288,0,1,802.25,2.53,46,40.01398,116.286877,47.7,,3
289,0,1,804.82,2.46,46,40.013975,116.286845,47.6,,3
290,0,1,807.29,2.23,46,40.01397,116.286812,47.6,,3
291,0,1,809.78,2.81,46,40.013964,116.28678,47.6,,5
292,0,1,812.92,3.15,46,40.013959,116.286747,47.6,,5
293,0,1,816.38,2.87,46,40.013954,116.286715,47.6,,4
294,0,1,819.41,2.86,47,40.013949,116.286683,47.5,,2
295,0,1,822.36,2.74,47,40.013943,116.286651,47.5,,4
296,0,1,825.17,2.7,47,40.013938,116.286619,47.5,,4
297,0,1,827.92,2.66,47,40.013933,116.286587,47.5,,2
298,0,1,830.77,2.63,47,40.013929,116.286555,47.5,,4
299,0,1,833.57,2.79,47,40.013924,116.286524,47.5,,2
300,0,1,836.43,2.64,48,40.013919,116.286492,47.4,,1
301,0,1,839.17,2.46,48,40.013915,116.286461,47.4,,3
302,0,1,841.94,2.45,48,40.013911,116.28643,47.4,,2
303,0,1,844.78,2.52,48,40.013907,116.286399,47.4,,4
304,0,1,844.78,2.41,48,40.013904,116.286369,47.4,,2
305,0,1,844.78,2.34,48,40.0139,116.286338,47.4,,3
306,0,1,847.58,2.48,49,40.013897,116.286309,47.4,,3
307,0,1,849.5,2.37,49,40.013895,116.286279,47.3,,3
308,0,1,852.3,2.51,49,40.013892,116.28625,47.3,,3
309,0,1,854.85,2.26,49,40.01389,116.286222,47.3,,2
310,0,1,857.03,2.05,49,40.013889,116.286196,47.3,,3
311,0,1,859.29,1.97,49,40.013888,116.286173,47.3,,3
312,0,1,860.15,0.39,50,40.013887,116.286153,47.3,,5
313,0,1,863.94,0.68,50,40.013886,116.286135,47.3,,0
314,0,1,865.69,1.37,50,40.013886,116.286117,47.2,,1
315,0,1,867.44,1.52,50,40.013885,116.286098,47.2,,2
316,0,1,868.92,1.9,50,40.013883,116.286077,47.2,,3
317,0,1,871.54,2.33,50,40.01388,116.286052,47.2,,3
318,0,1,873.83,2.0,51,40.013877,116.286026,47.2,,2
319,0,1,874.6,2.28,51,40.013873,116.285997,47.2,,4
320,0,1,877.36,2.47,51,40.013869,116.285967,47.2,,2
321,0,1,879.78,2.1,51,40.013865,116.285936,47.2,,3
322,0,1,881.71,2.17,51,40.01386,116.285904,47.2,,3
323,0,1,884.62,2.59,51,40.013856,116.285872,47.1,,2
324,0,1,887.72,2.78,51,40.013852,116.285839,47.1,,3
325,0,1,889.28,2.66,52,40.013849,116.285807,47.2,,4
326,0,1,892.05,2.45,52,40.013845,116.285776,47.3,,4
327,0,1,894.96,2.59,52,40.013843,116.285744,47.3,,3
328,0,1,897.74,2.47,52,40.01384,116.285713,47.4,,3
329,0,1,900.44,2.41,52,40.013837,116.285682,47.5,,2
330,0,1,903.06,2.33,52,40.013835,116.285651,47.5,,4
331,0,1,905.97,2.34,53,40.013832,116.28562,47.6,,4
332,0,1,908.77,2.48,53,40.013829,116.285589,47.7,,7
333,0,1,911.53,2.44,53,40.013826,116.285558,47.7,,7
334,0,1,913.83,2.54,53,40.013823,116.285527,47.8,,4
335,0,1,916.75,2.63,53,40.01382,116.285496,47.9,,2
336,0,1,919.2,2.16,53,40.013817,116.285465,47.9,,2
337,0,1,921.95,2.26,54,40.013814,116.285434,48.0,,4
338,0,1,924.85,2.61,54,40.013811,116.285403,48.0,,2
339,0,1,927.74,2.6,54,40.013808,116.285371,48.1,,3
340,0,1,930.01,2.53,54,40.013805,116.28534,48.1,,4
341,0,1,932.53,2.23,54,40.013803,116.285309,48.2,,6
342,0,1,935.09,2.27,54,40.013802,116.285278,48.2,,3
343,0,1,938.29,2.24,55,40.0138,116.285247,48.3,,3
344,0,1,940.66,2.05,55,40.0138,116.285216,48.3,,3
345,0,1,943.06,2.02,55,40.013799,116.285186,48.4,,3
346,0,1,945.91,2.19,55,40.013797,116.285156,48.4,,4
347,0,1,948.44,2.18,55,40.013794,116.285126,48.5,,3
348,0,1,951.28,2.52,55,40.013791,116.285097,48.5,,2
349,0,1,953.31,2.63,56,40.013785,116.285068,48.5,,3
350,0,1,956.01,2.38,56,40.013777,116.28504,48.5,,3
351,0,1,958.57,2.24,56,40.013767,116.285013,48.5,,2
352,0,1,961.29,2.43,56,40.013755,116.284987,48.5,,4
353,0,1,964.17,2.56,56,40.013742,116.28496,48.5,,4
354,0,1,966.63,2.14,56,40.013728,116.284934,48.4,,4
355,0,1,969.2,2.51,57,40.013713,116.284906,48.4,,2
356,0,1,971.94,2.39,57,40.0137,116.284878,48.3,,3
357,0,1,974.98,2.66,57,40.013688,116.284849,48.2,,3
358,0,1,977.28,2.54,57,40.013677,116.284818,48.2,,7
359,0,1,980.48,2.58,57,40.013669,116.284784,48.2,,7
360,0,1,983.86,2.82,57,40.013664,116.284749,48.1,,2
361,0,1,985.75,2.8,58,40.013661,116.284712,48.1,,4
362,0,1,989.29,3.19,58,40.01366,116.284673,48.1,,3
363,0,1,992.73,2.91,58,40.013659,116.284634,48.1,,2
364,0,1,994.21,1.48,58,40.013658,116.284595,48.1,,4
365,0,1,997.02,2.22,58,40.013656,116.284556,48.0,,2
366,0,1,997.02,2.76,58,40.013652,116.284518,48.0,,3
367,0,1,997.02,3.03,59,40.013647,116.284479,48.0,,3
368,0,1,1000.83,3.19,59,40.01364,116.284439,47.9,,3
369,0,1,1003.82,2.99,59,40.013631,116.284398,47.9,,3
370,0,1,1007.38,3.18,59,40.013621,116.284357,47.8,,3
371,0,1,1011.0,3.27,59,40.013612,116.284315,47.7,,2
372,0,1,1014.57,3.13,59,40.013605,116.284275,47.7,,3
373,0,1,1018.2,3.19,60,40.013601,116.284235,47.6,,3
374,0,1,1021.52,3.0,60,40.0136,116.284197,47.6,,3
375,0,1,1027.99,2.92,60,40.013603,116.28416,47.6,,3
376,0,1,1031.13,2.79,60,40.013608,116.284124,47.6,,3
377,0,1,1034.16,2.68,60,40.013614,116.28409,47.7,,2
378,0,1,1041.51,2.76,60,40.013621,116.284056,47.7,,4
379,0,1,1044.62,2.76,61,40.013627,116.284023,47.7,,2
380,0,1,1047.65,2.71,61,40.013634,116.28399,47.7,,3
381,0,1,1051.25,2.6,61,40.01364,116.283958,47.7,,3
382,0,1,1053.92,2.32,61,40.013646,116.283926,47.8,,5
383,0,1,1056.99,2.75,61,40.013651,116.283895,47.8,,3
384,0,1,1059.95,2.45,61,40.013655,116.283863,47.8,,4
385,0,1,1062.85,2.52,62,40.013657,116.283832,47.8,,4
386,0,1,1065.73,2.5,62,40.013658,116.283801,47.8,,3
387,0,1,1068.15,2.14,62,40.013658,116.28377,47.8,,4
388,0,1,1070.82,2.29,62,40.013656,116.283739,47.7,,3
389,0,1,1073.62,2.45,62,40.013654,116.283708,47.7,,5
390,0,1,1076.09,2.31,62,40.013651,116.283677,47.7,,3
391,0,1,1078.97,2.5,63,40.013647,116.283645,47.6,,3
392,0,1,1081.96,2.61,63,40.013644,116.283614,47.6,,2
393,0,1,1084.02,2.63,63,40.01364,116.283582,47.6,,3
394,0,1,1086.82,2.51,63,40.013637,116.28355,47.6,,4
395,0,1,1089.64,2.5,63,40.013634,116.283518,47.5,,4
396,0,1,1092.41,2.15,63,40.013632,116.283485,47.5,,2
397,0,1,1094.99,2.23,64,40.01363,116.283453,47.5,,3
398,0,1,1097.66,2.32,64,40.013628,116.28342,47.5,,3
399,0,1,1100.54,2.4,64,40.013627,116.283387,47.4,,4
400,0,1,1103.6,2.71,64,40.013625,116.283355,47.4,,3
401,0,1,1106.44,2.52,64,40.013623,116.283322,47.4,,4
402,0,1,1108.72,2.37,64,40.01362,116.28329,47.5,,2
403,0,1,1111.58,2.57,65,40.013617,116.283258,47.5,,4
404,0,1,1114.29,2.42,65,40.013613,116.283227,47.6,,4
405,0,1,1117.21,2.62,65,40.013609,116.283195,47.7,,3
406,0,1,1120.05,2.52,65,40.013605,116.283164,47.7,,5
407,0,1,1122.65,2.28,65,40.0136,116.283133,47.8,,5
408,0,1,1125.59,2.42,65,40.013595,116.283102,47.8,,4
409,0,1,1128.17,2.26,66,40.01359,116.283072,47.9,,2
410,0,1,1130.86,2.37,66,40.013585,116.283041,47.9,,3
411,0,1,1133.63,2.27,66,40.01358,116.28301,48.0,,3
412,0,1,1136.35,2.4,66,40.013576,116.28298,48.1,,2
413,0,1,1139.09,2.45,66,40.013572,116.282949,48.1,,3
414,0,1,1141.47,2.42,66,40.013569,116.282918,48.2,,3
415,0,1,1144.29,2.5,67,40.013565,116.282887,48.3,,3
416,0,1,1147.15,2.54,67,40.013562,116.282856,48.3,,3
417,0,1,1149.58,2.55,67,40.013559,116.282825,48.4,,8
418,0,1,1152.31,2.44,67,40.013556,116.282794,48.5,,8
419,0,1,1154.85,2.25,67,40.013553,116.282763,48.6,,2
420,0,1,1157.72,2.11,67,40.01355,116.282732,48.6,,3
421,0,1,1160.57,2.53,68,40.013546,116.282702,48.7,,3
422,0,1,1163.21,2.32,68,40.013542,116.282672,48.8,,2
423,0,1,1165.36,2.21,68,40.013538,116.282642,48.9,,6
424,0,1,1167.99,2.34,68,40.013533,116.282611,48.9,,6
425,0,1,1170.85,2.54,68,40.013528,116.282581,49.0,,2
426,0,1,1173.16,2.61,68,40.013523,116.282551,49.1,,3
427,0,1,1176.03,2.55,69,40.013518,116.282521,49.2,,1
428,0,1,1178.92,2.57,69,40.013513,116.282491,49.2,,3
429,0,1,1181.31,2.24,69,40.013507,116.282461,49.2,,3
430,0,1,1183.9,2.27,69,40.013502,116.282431,49.2,,5
431,0,1,1186.44,2.22,69,40.013496,116.2824,49.2,,4
432,0,1,1189.28,2.39,69,40.013491,116.28237,49.2,,3
433,0,1,1192.17,2.54,70,40.013485,116.282339,49.1,,4
434,0,1,1194.91,2.42,70,40.013479,116.282308,49.1,,3
435,0,1,1197.05,2.55,70,40.013474,116.282276,49.1,,4
436,0,1,1200.2,2.83,70,40.013469,116.282244,49.1,,3
437,0,1,1203.19,2.64,70,40.013463,116.282212,49.1,,6
438,0,1,1205.27,2.6,70,40.013458,116.282179,49.1,,4
439,0,1,1208.24,2.62,71,40.013453,116.282146,49.1,,3
440,0,1,1211.37,2.78,71,40.013449,116.282113,49.1,,3
441,0,1,1213.96,2.61,71,40.013444,116.282079,49.1,,2
442,0,1,1216.78,2.5,71,40.01344,116.282045,49.1,,1
443,0,1,1219.8,2.67,71,40.013435,116.282011,49.1,,4
444,0,1,1222.6,2.43,71,40.013431,116.281977,49.0,,2
445,0,1,1225.39,2.44,72,40.013427,116.281943,49.0,,3
446,0,1,1228.18,2.44,72,40.013422,116.281909,49.0,,3
447,0,1,1230.97,2.8,72,40.013418,116.281876,49.0,,2
448,0,1,1234.3,3.01,72,40.013414,116.281842,49.0,,4
449,0,1,1237.33,2.71,72,40.013409,116.281809,49.0,,2
450,0,1,1239.3,2.82,72,40.013404,116.281777,49.0,,3
451,0,1,1242.16,2.54,73,40.013399,116.281745,49.0,,4
452,0,1,1245.22,2.74,73,40.013392,116.281713,49.0,,3
453,0,1,1248.31,2.6,73,40.013385,116.281681,49.0,,2
454,0,1,1251.06,2.43,73,40.013377,116.28165,49.0,,3
455,0,1,1253.86,2.48,73,40.013367,116.28162,49.1,,3
456,0,1,1257.08,2.55,73,40.013355,116.28159,49.1,,3
457,0,1,1260.02,2.62,74,40.013343,116.281561,49.1,,4
458,0,1,1262.91,2.57,74,40.01333,116.281531,49.2,,3
459,0,1,1265.37,2.7,74,40.013316,116.281502,49.2,,5
460,0,1,1268.67,2.95,74,40.013303,116.281472,49.2,,3
461,0,1,1271.87,2.91,74,40.013289,116.281442,49.2,,4
462,0,1,1274.01,2.94,74,40.013277,116.281411,49.2,,3
463,0,1,1277.15,2.85,75,40.013265,116.281379,49.2,,3
464,0,1,1280.14,2.7,75,40.013255,116.281346,49.3,,3
465,0,1,1283.22,2.99,75,40.013246,116.281312,49.3,,3
466,0,1,1286.77,3.11,75,40.013239,116.281276,49.3,,2
467,0,1,1289.96,3.19,75,40.013233,116.28124,49.3,,3
468,0,1,1292.38,2.94,75,40.013229,116.281202,49.4,,3
469,0,1,1295.3,2.92,76,40.013225,116.281164,49.4,,5
470,0,1,1298.23,2.93,76,40.013221,116.281126,49.4,,3
471,0,1,1302.09,2.91,76,40.013218,116.281087,49.5,,2
472,0,1,1304.83,2.74,76,40.013215,116.281048,49.5,,3
473,0,1,1307.73,2.9,76,40.013212,116.281009,49.5,,3
474,0,1,1311.52,2.92,76,40.013208,116.28097,49.6,,3
475,0,1,1315.41,3.42,77,40.013203,116.28093,49.6,,3
476,0,1,1319.43,3.52,77,40.013196,116.28089,49.6,,2
477,0,1,1321.28,3.62,77,40.013187,116.28085,49.6,,4
478,0,1,1325.34,3.53,77,40.013175,116.280809,49.6,,2
479,0,1,1329.06,3.72,77,40.013162,116.280769,49.6,,3
480,0,1,1333.1,3.67,77,40.013152,116.280727,49.6,,3
481,0,1,1336.7,3.6,78,40.013147,116.280683,49.6,,5
482,0,1,1339.95,3.25,78,40.013145,116.280639,49.6,,1
483,0,1,1345.4,3.29,78,40.013146,116.280597,49.6,,3
484,0,1,1348.68,3.28,78,40.013147,116.280558,49.6,,3
485,0,1,1352.02,2.84,78,40.013148,116.280523,49.6,,3
486,0,1,1354.78,2.32,78,40.013149,116.28049,49.6,,2
487,0,1,1357.82,2.63,79,40.013151,116.280459,49.7,,4
488,0,1,1357.82,2.27,79,40.013153,116.280431,49.7,,2
489,0,1,1357.82,2.26,79,40.013155,116.280403,49.7,,3
490,0,1,1360.36,2.31,79,40.01316,116.280377,49.7,,3
491,0,1,1363.12,2.38,79,40.013166,116.28035,49.7,,2
492,0,1,1365.85,2.38,80,40.013174,116.280323,49.7,,4
493,0,1,1370.21,2.4,80,40.013183,116.280297,49.8,,0
494,0,1,1373.03,2.5,80,40.013192,116.28027,49.8,,3
495,0,1,1375.75,2.34,80,40.013203,116.280243,49.8,,4
496,0,1,1381.73,2.27,80,40.013213,116.280216,49.8,,1
497,0,1,1384.16,2.05,80,40.013223,116.280189,49.8,,2
498,0,1,1386.74,2.2,81,40.013233,116.280162,49.9,,4
499,0,1,1389.81,2.62,81,40.013241,116.280134,49.9,,4
500,0,1,1392.8,2.58,81,40.013248,116.280106,49.9,,4
501,0,1,1395.71,2.44,81,40.013253,116.280078,49.9,,4
502,0,1,1397.19,2.33,81,40.013257,116.280049,49.9,,3
503,0,1,1400.07,2.47,81,40.013259,116.280019,49.9,,3
504,0,1,1402.96,2.48,82,40.01326,116.27999,49.9,,3
505,0,1,1404.86,2.4,82,40.013259,116.279959,49.9,,2
506,0,1,1407.92,2.71,82,40.013256,116.279928,49.9,,4
507,0,1,1411.21,2.88,82,40.013251,116.279896,49.9,,2
508,0,1,1413.1,2.75,82,40.013245,116.279864,49.9,,3
509,0,1,1416.13,2.62,82,40.013237,116.279831,49.9,,3
510,0,1,1419.14,2.6,83,40.013227,116.279797,49.9,,4
511,0,1,1422.0,2.73,83,40.013216,116.279763,49.9,,3
512,0,1,1425.28,2.93,83,40.013205,116.279728,49.8,,3
513,0,1,1428.74,3.11,83,40.013193,116.279693,49.8,,5
514,0,1,1430.85,3.18,83,40.013182,116.279658,49.8,,5
515,0,1,1434.44,3.21,83,40.013171,116.279624,49.8,,4
516,0,1,1437.99,3.17,84,40.01316,116.279589,49.8,,3
517,0,1,1440.35,3.01,84,40.013151,116.279555,49.8,,2
518,0,1,1443.67,3.06,84,40.013144,116.279521,49.8,,4
519,0,1,1446.63,2.67,84,40.013137,116.279488,49.8,,2
520,0,1,1449.88,2.41,84,40.013132,116.279456,49.8,,3
521,0,1,1452.64,2.44,84,40.013127,116.279423,49.8,,3
522,0,1,1455.5,2.45,85,40.013123,116.279391,49.7,,3
523,0,1,1458.65,2.54,85,40.013119,116.279358,49.7,,3
524,0,1,1461.41,2.41,85,40.013115,116.279326,49.7,,2
525,0,1,1464.41,2.68,85,40.013111,116.279293,49.7,,4
526,0,1,1466.9,2.77,85,40.013106,116.27926,49.7,,2
527,0,1,1470.09,2.84,85,40.0131,116.279226,49.7,,3
528,0,1,1473.17,2.73,86,40.013094,116.279193,49.7,,3
529,0,1,1475.51,2.73,86,40.013087,116.279159,49.7,,3
530,0,1,1478.7,2.87,86,40.01308,116.279124,49.7,,3
531,0,1,1481.75,2.76,86,40.013073,116.27909,49.7,,2
532,0,1,1484.54,2.79,86,40.013065,116.279055,49.7,,3
533,0,1,1487.61,2.75,86,40.013058,116.27902,49.7,,3
534,0,1,1490.92,2.99,87,40.01305,116.278986,49.7,,4
535,0,1,1493.74,2.75,87,40.013041,116.27895,49.6,,4
536,0,1,1496.69,2.57,87,40.013033,116.278915,49.6,,2
537,0,1,1499.91,2.87,87,40.013025,116.27888,49.6,,5
538,0,1,1503.0,2.88,87,40.013017,116.278845,49.6,,5
539,0,1,1506.3,2.98,87,40.013009,116.27881,49.6,,4
540,0,1,1509.65,3.03,88,40.013001,116.278775,49.6,,3
541,0,1,1512.1,2.94,88,40.012994,116.27874,49.6,,3
542,0,1,1515.42,2.97,88,40.012987,116.278705,49.6,,2
543,0,1,1518.73,2.96,88,40.01298,116.27867,49.6,,8
544,0,1,1521.58,2.98,88,40.012973,116.278635,49.6,,8
545,0,1,1524.69,2.79,89,40.012967,116.278601,49.6,,3
546,0,1,1527.75,2.74,89,40.012962,116.278566,49.6,,3
547,0,1,1531.0,2.76,89,40.012956,116.278532,49.5,,1
548,0,1,1534.01,2.69,89,40.01295,116.278498,49.5,,2
549,0,1,1537.04,2.71,89,40.012945,116.278464,49.5,,4
550,0,1,1539.98,2.7,89,40.01294,116.27843,49.5,,2
551,0,1,1542.97,2.67,90,40.012934,116.278396,49.5,,6
552,0,1,1546.13,2.84,90,40.012929,116.278363,49.5,,3
553,0,1,1548.74,2.79,90,40.012923,116.278329,49.5,,3
554,0,1,1551.73,2.7,90,40.012917,116.278296,49.5,,3
555,0,1,1554.76,2.71,90,40.01291,116.278263,49.5,,3
556,0,1,1557.57,2.78,90,40.012903,116.27823,49.5,,3
557,0,1,1560.8,2.91,91,40.012896,116.278198,49.5,,3
558,0,1,1563.96,2.87,91,40.012888,116.278165,49.5,,2
559,0,1,1566.41,2.88,91,40.012879,116.278133,49.5,,3
560,0,1,1569.48,2.72,91,40.01287,116.2781,49.4,,3
561,0,1,1572.47,2.64,91,40.012859,116.278068,49.4,,5
562,0,1,1575.43,2.71,92,40.012848,116.278036,49.4,,3
563,0,1,1578.58,2.8,92,40.012837,116.278004,49.4,,2
564,0,1,1581.93,3.0,92,40.012825,116.277972,49.4,,2
565,0,1,1584.13,2.76,92,40.012813,116.27794,49.4,,2
566,0,1,1587.59,3.11,92,40.0128,116.277908,49.4,,3
567,0,1,1591.02,3.08,92,40.012787,116.277876,49.3,,5
568,0,1,1593.09,2.92,93,40.012774,116.277844,49.3,,5
569,0,1,1596.39,2.95,93,40.012762,116.277812,49.3,,4
570,0,1,1599.67,2.93,93,40.012749,116.277779,49.3,,2
571,0,1,1602.35,3.06,93,40.012737,116.277746,49.3,,3
572,0,1,1605.67,2.97,93,40.012725,116.277713,49.3,,3
573,0,1,1609.21,3.19,94,40.012714,116.277679,49.3,,6
574,0,1,1611.61,2.94,94,40.012703,116.277645,49.2,,6
575,0,1,1614.73,2.77,94,40.012693,116.277611,49.2,,1
576,0,1,1618.03,2.95,94,40.012683,116.277576,49.2,,3
577,0,1,1621.09,2.88,94,40.012675,116.277541,49.2,,2
578,0,1,1624.44,3.0,94,40.012668,116.277505,49.2,,4
579,0,1,1627.72,2.84,95,40.012662,116.277468,49.2,,2
580,0,1,1630.34,2.68,95,40.012657,116.277431,49.3,,3
581,0,1,1633.71,2.84,95,40.012652,116.277394,49.3,,3
582,0,1,1637.36,3.03,95,40.012648,116.277356,49.4,,3
583,0,1,1639.42,3.38,95,40.012643,116.277319,49.4,,3
584,0,1,1643.04,3.24,95,40.012639,116.277283,49.4,,2
585,0,1,1646.49,3.04,96,40.012634,116.277246,49.5,,3
586,0,1,1649.02,2.72,96,40.012628,116.277211,49.5,,2
587,0,1,1652.32,2.95,96,40.012621,116.277176,49.5,,4
588,0,1,1655.64,2.97,96,40.012613,116.277143,49.6,,1
589,0,1,1658.53,2.8,96,40.012605,116.27711,49.6,,3
590,0,1,1661.53,2.59,97,40.012599,116.277076,49.6,,0
591,0,1,1664.65,2.5,97,40.012598,116.277042,49.7,,3
592,0,1,1667.81,2.32,97,40.012601,116.277005,49.7,,3
593,0,1,1671.17,2.8,97,40.012608,116.276968,49.8,,3
594,0,1,1674.79,3.18,97,40.012616,116.276929,49.8,,2
595,0,1,1676.7,2.79,97,40.012623,116.276891,49.9,,3
596,0,1,1680.03,2.74,98,40.012627,116.276853,49.9,,3
597,0,1,1683.33,2.83,98,40.012628,116.276816,50.0,,3
598,0,1,1686.39,3.01,98,40.012627,116.276779,50.0,,3
599,0,1,1689.84,3.16,98,40.012624,116.276743,50.1,,2
600,0,1,1692.88,2.72,98,40.01262,116.276707,50.1,,5
601,0,1,1696.31,2.78,98,40.012614,116.276672,50.1,,3
602,0,1,1699.33,2.7,99,40.012607,116.276637,50.1,,1
603,0,1,1702.38,2.73,99,40.012599,116.276603,50.1,,3
604,0,1,1705.77,2.89,99,40.012591,116.276569,50.0,,3
605,0,1,1709.13,3.01,99,40.012583,116.276535,50.0,,3
606,0,1,1712.33,2.85,99,40.012576,116.276502,49.9,,5
607,0,1,1714.68,2.61,100,40.012569,116.27647,49.9,,4
608,0,1,1717.7,2.67,100,40.012562,116.276437,49.8,,3
609,0,1,1720.47,2.45,100,40.012556,116.276406,49.8,,2
610,0,1,1723.35,2.34,100,40.012551,116.276375,49.8,,1
611,0,1,1726.32,2.65,100,40.012547,116.276344,49.7,,2
612,0,1,1728.87,2.23,100,40.012543,116.276314,49.7,,3
613,0,1,1731.65,2.44,101,40.012541,116.276285,49.6,,4
614,0,1,1734.5,2.53,101,40.01254,116.276256,49.6,,2
615,0,1,1737.06,2.27,101,40.012539,116.276228,49.6,,3
616,0,1,1739.7,1.84,101,40.012538,116.276201,49.5,,1
617,0,1,1742.03,1.98,101,40.012536,116.276175,49.5,,3
618,0,1,1744.26,1.88,102,40.012532,116.276149,49.5,,3
619,0,1,1746.67,1.91,102,40.012527,116.276124,49.4,,2
620,0,1,1748.97,1.86,102,40.01252,116.2761,49.4,,3
621,0,1,1751.39,2.01,102,40.012512,116.276074,49.3,,3
622,0,1,1753.1,2.35,102,40.012505,116.276047,49.3,,3
623,0,1,1755.98,2.53,102,40.0125,116.276018,49.2,,3
624,0,1,1758.72,2.39,103,40.012496,116.275987,49.2,,3
625,0,1,1760.15,2.4,103,40.012493,116.275955,49.2,,1
626,0,1,1762.92,2.42,103,40.01249,116.275921,49.1,,3
627,0,1,1765.92,2.65,103,40.012488,116.275888,49.1,,3
628,0,1,1768.48,2.62,103,40.012486,116.275854,49.0,,2
629,0,1,1771.05,2.22,103,40.012483,116.275821,49.0,,4
630,0,1,1773.61,2.21,104,40.012479,116.275789,49.1,,4
631,0,1,1777.53,2.36,104,40.012475,116.275759,49.1,,2
632,0,1,1780.24,2.33,104,40.012469,116.27573,49.2,,3
633,0,1,1782.9,2.28,104,40.012463,116.275701,49.2,,3
634,0,1,1785.57,1.98,104,40.012455,116.275674,49.3,,5
635,0,1,1788.01,2.12,104,40.012448,116.275646,49.3,,4
636,0,1,1790.56,2.23,104,40.012439,116.275619,49.4,,6
637,0,1,1792.99,2.44,105,40.012431,116.27559,49.4,,4
638,0,1,1795.9,2.59,105,40.012422,116.275562,49.5,,3
639,0,1,1798.88,2.63,105,40.012414,116.275532,49.6,,2
640,0,1,1800.69,2.75,105,40.012405,116.2755,49.7,,3
641,0,1,1803.83,2.79,105,40.012397,116.275468,49.7,,3
642,0,1,1807.1,2.95,105,40.012389,116.275434,49.8,,5
643,0,1,1809.27,3.2,106,40.012381,116.2754,49.9,,1
644,0,1,1812.56,2.97,106,40.012373,116.275365,50.0,,5
645,0,1,1815.68,2.68,106,40.012365,116.275329,50.1,,0
646,0,1,1818.48,2.65,106,40.012358,116.275293,50.2,,3
647,0,1,1821.74,2.82,106,40.01235,116.275257,50.2,,3
648,0,1,1825.12,2.97,106,40.012343,116.27522,50.3,,3
649,0,1,1827.18,2.89,107,40.012336,116.275184,50.4,,2
650,0,1,1830.53,3.03,107,40.01233,116.275148,50.5,,4
651,0,1,1833.98,3.13,107,40.012323,116.275113,50.6,,2
652,0,1,1836.29,3.01,107,40.012317,116.275077,50.7,,3
653,0,1,1839.69,3.08,107,40.012311,116.275041,50.8,,3
654,0,1,1842.76,2.75,107,40.012306,116.275006,50.9,,2
655,0,1,1845.79,2.37,108,40.012302,116.274971,51.0,,4
656,0,1,1848.68,2.51,108,40.0123,116.274936,51.1,,2
657,0,1,1851.9,2.84,108,40.0123,116.274903,51.1,,3
658,0,1,1854.57,2.65,108,40.012304,116.274871,51.1,,5
659,0,1,1857.33,2.44,108,40.012311,116.274841,51.2,,4
660,0,1,1860.14,2.49,108,40.01232,116.274811,51.2,,3
661,0,1,1863.19,2.49,109,40.012331,116.274782,51.2,,2
662,0,1,1865.96,2.48,109,40.012343,116.274753,51.2,,3
663,0,1,1868.67,2.42,109,40.012355,116.274725,51.2,,2
664,0,1,1871.54,2.73,109,40.012368,116.274696,51.2,,3
665,0,1,1874.49,2.6,109,40.012379,116.274666,51.2,,4
666,0,1,1879.47,2.47,109,40.01239,116.274635,51.2,,3
667,0,1,1885.18,2.26,110,40.012399,116.274604,51.3,,3
668,0,1,1888.25,2.19,110,40.012406,116.274572,51.3,,3
669,0,1,1890.87,2.51,110,40.012413,116.274539,51.4,,4
670,0,1,1893.87,2.64,110,40.012419,116.274506,51.4,,2
671,0,1,1896.94,2.62,110,40.012423,116.274472,51.5,,1
672,0,1,1899.98,2.32,110,40.012427,116.274438,51.5,,3
673,0,1,1902.71,2.71,111,40.012429,116.274403,51.6,,3
674,0,1,1905.74,2.65,111,40.012431,116.274368,51.7,,3
675,0,1,1909.12,3.0,111,40.012432,116.274332,51.7,,4
676,0,1,1909.12,2.87,111,40.012432,116.274297,51.8,,3
677,0,1,1909.12,2.63,111,40.012431,116.274261,51.9,,3
678,0,1,1912.38,2.88,111,40.012431,116.274226,52.0,,4
679,0,1,1915.81,2.55,112,40.012429,116.27419,52.0,,4
680,0,1,1918.89,2.7,112,40.012427,116.274155,52.1,,5
681,0,1,1921.73,2.49,112,40.012426,116.274119,52.1,,5
682,0,1,1924.82,2.6,112,40.012423,116.274084,52.2,,4
683,0,1,1927.96,2.7,112,40.012421,116.27405,52.2,,1
684,0,1,1930.89,2.49,112,40.012419,116.274015,52.2,,1
685,0,1,1933.56,2.62,113,40.012417,116.273981,52.3,,2
686,0,1,1936.64,2.64,113,40.012415,116.273947,52.3,,2
687,0,1,1939.75,2.67,113,40.012413,116.273914,52.3,,3
688,0,1,1942.12,2.29,113,40.012411,116.273881,52.3,,3
689,0,1,1944.8,2.27,113,40.012408,116.273849,52.4,,2
690,0,1,1947.72,2.54,113,40.012406,116.273816,52.4,,4
691,0,1,1950.65,2.4,114,40.012403,116.273784,52.4,,2
692,0,1,1953.47,2.44,114,40.0124,116.273752,52.4,,5
693,0,1,1956.21,2.36,114,40.012397,116.273721,52.5,,7
694,0,1,1958.82,2.37,114,40.012393,116.27369,52.5,,7
695,0,1,1961.43,2.23,114,40.012389,116.273659,52.5,,4
696,0,1,1964.05,2.27,114,40.012385,116.273629,52.5,,3
697,0,1,1967.08,2.48,115,40.01238,116.273598,52.5,,5
698,0,1,1969.95,2.52,115,40.012374,116.273568,52.5,,4
699,0,1,1972.72,2.42,115,40.012368,116.273538,52.6,,5
700,0,1,1975.25,2.43,115,40.012362,116.273509,52.6,,4
701,0,1,1977.93,2.33,115,40.012355,116.273479,52.6,,3
702,0,1,1980.56,2.28,115,40.012347,116.27345,52.6,,2
703,0,1,1983.43,2.25,116,40.012339,116.273421,52.6,,4
704,0,1,1985.67,1.86,116,40.012331,116.273393,52.6,,3
705,0,1,1988.13,2.08,116,40.012323,116.273364,52.6,,2
706,0,1,1991.08,2.18,116,40.012315,116.273336,52.6,,3
707,0,1,1993.95,2.49,116,40.012307,116.273308,52.5,,4
708,0,1,1996.76,2.46,116,40.0123,116.27328,52.5,,4
709,0,1,1998.4,2.32,117,40.012292,116.273252,52.4,,2
710,0,1,2000.9,2.18,117,40.012286,116.273224,52.4,,6
711,0,1,2003.56,2.31,117,40.01228,116.273197,52.3,,3
712,0,1,2006.12,2.36,117,40.012275,116.273169,52.3,,4
713,0,1,2008.89,2.42,117,40.012271,116.273141,52.2,,4
714,0,1,2011.6,2.36,117,40.012269,116.273113,52.2,,1
715,0,1,2013.57,2.24,118,40.012269,116.273084,52.2,,2
716,0,1,2016.38,2.43,118,40.01227,116.273055,52.1,,4
717,0,1,2019.44,2.68,118,40.012274,116.273024,52.1,,4
718,0,1,2021.13,2.44,118,40.01228,116.272993,52.1,,2
719,0,1,2023.93,2.45,118,40.012288,116.272961,52.1,,3
720,0,1,2026.85,2.6,118,40.012297,116.27293,52.0,,3
721,0,1,2029.46,2.62,119,40.012304,116.272901,52.0,,5
722,0,1,2032.21,2.4,119,40.012308,116.272875,51.9,,3
723,0,1,2034.55,1.99,119,40.012306,116.272854,51.9,,4
724,0,1,2037.56,1.47,119,40.012297,116.272839,51.9,,4
725,0,1,2039.26,1.29,119,40.012282,116.272831,51.9,,4
726,0,1,2040.99,1.35,119,40.012264,116.272827,51.9,,3
727,0,1,2043.31,1.75,120,40.012245,116.272828,51.9,,4
728,0,1,2045.57,1.88,120,40.012226,116.272834,51.9,,3
729,0,1,2047.93,2.04,120,40.012208,116.272841,51.9,,1
730,0,1,2048.08,2.18,120,40.012189,116.272848,52.0,,2
731,0,1,2053.72,2.36,120,40.012169,116.272854,52.0,,3
732,0,1,2057.03,2.38,120,40.012147,116.272857,52.0,,5
733,0,1,2059.65,2.64,121,40.012124,116.272858,52.0,,3
734,0,1,2062.44,2.13,121,40.0121,116.272857,52.0,,4
735,0,1,2064.99,2.51,121,40.012075,116.272857,52.0,,3
736,0,1,2067.65,2.45,121,40.012051,116.272857,52.0,,4
737,0,1,2070.25,2.39,121,40.012027,116.27286,52.0,,4
738,0,1,2072.87,2.62,121,40.012004,116.272863,52.0,,3
739,0,1,2075.66,2.26,122,40.01198,116.272867,52.0,,2
740,0,1,2078.28,2.52,122,40.011957,116.272872,52.0,,1
741,0,1,2081.05,2.43,122,40.011933,116.272877,52.0,,3
742,0,1,2083.84,2.51,122,40.01191,116.272883,52.0,,4
743,0,1,2086.71,2.76,122,40.011886,116.272888,52.0,,4
744,0,1,2089.67,2.31,122,40.011862,116.272893,52.0,,3
745,0,1,2092.28,2.18,123,40.011838,116.272898,52.0,,4
746,0,1,2094.64,2.12,123,40.011813,116.272902,52.0,,6
747,0,1,2097.09,2.25,123,40.011788,116.272906,52.0,,4
748,0,1,2099.74,2.65,123,40.011764,116.272909,52.0,,3
749,0,1,2102.69,2.39,123,40.01174,116.272911,52.0,,3
750,0,1,2105.53,2.44,123,40.011716,116.272912,52.0,,2
751,0,1,2108.16,2.43,124,40.011692,116.272914,52.0,,3
752,0,1,2110.57,2.21,124,40.011667,116.272915,52.0,,3
753,0,1,2110.57,2.52,124,40.011642,116.272917,52.1,,6
754,0,1,2110.57,2.43,124,40.011615,116.272921,52.1,,4
755,0,1,2113.2,2.43,124,40.011589,116.272927,52.2,,3
756,0,1,2116.69,2.26,124,40.011566,116.272939,52.2,,2
757,0,1,2118.81,1.95,125,40.01155,116.272958,52.2,,3
758,0,1,2121.23,2.25,125,40.011543,116.272986,52.2,,3
759,0,1,2124.73,3.06,125,40.011545,116.273024,52.1,,3
760,0,1,2131.35,3.01,125,40.011552,116.273065,52.0,,3
761,0,1,2135.32,3.04,125,40.011558,116.273102,51.9,,4
762,0,1,2138.49,3.01,125,40.011561,116.273137,51.8,,3
763,0,1,2141.62,2.9,126,40.011561,116.273172,51.7,,2
764,0,1,2144.68,3.09,126,40.01156,116.273208,51.6,,4
765,0,1,2147.8,2.85,126,40.011557,116.273244,51.6,,3
766,0,1,2150.77,2.84,126,40.011557,116.273279,51.5,,6
767,0,1,2153.66,2.88,126,40.011558,116.273314,51.4,,1
768,0,1,2156.58,2.7,126,40.011562,116.273347,51.4,,1
769,0,1,2159.43,2.91,127,40.011566,116.273381,51.5,,3
770,0,1,2162.36,2.86,127,40.011571,116.273414,51.5,,3
771,0,1,2165.3,2.83,127,40.011575,116.273447,51.6,,2
772,0,1,2168.26,3.04,127,40.011579,116.273481,51.6,,3
773,0,1,2171.34,2.75,127,40.011582,116.273515,51.7,,3
774,0,1,2174.24,2.83,127,40.011585,116.273548,51.8,,3
775,0,1,2177.07,2.65,128,40.011587,116.273582,51.8,,3
776,0,1,2179.85,2.63,128,40.01159,116.273616,51.9,,4
777,0,1,2182.65,2.81,128,40.011592,116.273649,52.0,,3
778,0,1,2185.58,2.69,128,40.011595,116.273683,52.0,,3
779,0,1,2188.44,2.74,128,40.011599,116.273716,52.1,,5
780,0,1,2191.25,2.65,128,40.011602,116.273749,52.2,,3
781,0,1,2193.99,2.78,129,40.011606,116.273781,52.2,,3
782,0,1,2196.86,2.94,129,40.01161,116.273813,52.3,,2
783,0,1,2199.81,2.93,129,40.011615,116.273845,52.3,,6
784,0,1,2202.74,2.88,129,40.01162,116.273877,52.4,,6
785,0,1,2205.7,2.55,129,40.011624,116.273909,52.5,,1
786,0,1,2208.41,2.45,129,40.011629,116.273941,52.5,,2
787,0,1,2211.32,2.59,130,40.011634,116.273973,52.6,,4
788,0,1,2214.35,2.71,130,40.011639,116.274005,52.7,,1
789,0,1,2214.35,2.74,130,40.011644,116.274037,52.7,,2
790,0,1,2214.35,2.73,130,40.011649,116.274068,52.8,,3
791,0,1,2217.18,2.6,130,40.011653,116.2741,52.9,,2
792,0,1,2219.3,2.78,130,40.011658,116.274132,52.9,,3
793,0,1,2222.21,2.65,131,40.011662,116.274164,53.0,,3
794,0,1,2225.13,2.66,131,40.011667,116.274196,53.0,,2
795,0,1,2227.62,2.85,131,40.011671,116.274228,53.1,,2
796,0,1,2230.64,2.73,131,40.011675,116.27426,53.1,,3
797,0,1,2233.69,2.76,131,40.01168,116.274292,53.1,,2
798,0,1,2236.03,2.76,131,40.011684,116.274324,53.2,,3
799,0,1,2238.95,2.63,132,40.011688,116.274356,53.2,,6
800,0,1,2242.05,2.81,132,40.011692,116.274388,53.2,,4
801,0,1,2244.38,2.66,132,40.011696,116.27442,53.2,,2
802,0,1,2247.37,2.7,132,40.011699,116.274452,53.3,,3
803,0,1,2250.35,2.66,132,40.011703,116.274483,53.3,,4
804,0,1,2252.61,2.57,132,40.011707,116.274515,53.3,,3
805,0,1,2255.65,2.72,133,40.011711,116.274547,53.3,,4
806,0,1,2258.58,2.61,133,40.011715,116.274578,53.3,,5
807,0,1,2260.65,2.56,133,40.011719,116.274609,53.4,,6
808,0,1,2263.69,2.72,133,40.011722,116.274641,53.4,,3
809,0,1,2266.72,2.71,133,40.011726,116.274672,53.4,,2
810,0,1,2268.71,2.86,133,40.01173,116.274703,53.4,,3
811,0,1,2271.66,2.63,134,40.011733,116.274734,53.4,,4
812,0,1,2274.51,2.53,134,40.011737,116.274766,53.5,,3
813,0,1,2276.99,2.66,134,40.011741,116.274797,53.5,,8
814,0,1,2280.03,2.72,134,40.011745,116.274829,53.5,,8
815,0,1,2283.12,2.77,134,40.011748,116.274861,53.5,,6
816,0,1,2285.08,2.68,134,40.011752,116.274892,53.5,,3
817,0,1,2288.01,2.67,135,40.011756,116.274925,53.5,,4
818,0,1,2291.11,2.81,135,40.01176,116.274957,53.5,,1
819,0,1,2293.38,2.82,135,40.011763,116.274989,53.5,,5
820,0,1,2296.49,2.79,135,40.011767,116.275022,53.4,,4
821,0,1,2299.47,2.66,135,40.011771,116.275055,53.3,,4
822,0,1,2301.74,2.49,135,40.011775,116.275089,53.1,,1
823,0,1,2304.83,2.77,136,40.011779,116.275122,52.9,,4
824,0,1,2308.07,2.92,136,40.011783,116.275156,52.8,,2
825,0,1,2309.92,3.02,136,40.011787,116.275191,52.6,,4
826,0,1,2313.17,2.93,136,40.01179,116.275226,52.4,,2
827,0,1,2316.54,3.05,136,40.011794,116.275261,52.3,,3
828,0,1,2318.72,2.94,136,40.011797,116.275296,52.1,,3
829,0,1,2322.18,3.14,137,40.0118,116.275332,52.0,,3
830,0,1,2325.49,2.99,137,40.011802,116.275368,51.8,,3
831,0,1,2327.86,3.01,137,40.011803,116.275404,51.6,,2
832,0,1,2331.22,3.04,137,40.011804,116.27544,51.5,,2
833,0,1,2334.64,3.1,137,40.011804,116.275477,51.3,,1
834,0,1,2337.17,2.95,137,40.011803,116.275514,51.2,,4
835,0,1,2340.37,2.88,138,40.011802,116.275551,51.0,,3
836,0,1,2343.81,3.12,138,40.0118,116.275588,50.9,,5
837,0,1,2346.53,3.0,138,40.011798,116.275625,50.7,,2
838,0,1,2350.14,3.29,138,40.011796,116.275662,50.6,,4
839,0,1,2353.85,3.39,138,40.011794,116.2757,50.4,,3
840,0,1,2355.85,3.12,138,40.011792,116.275738,50.3,,2
841,0,1,2359.31,3.14,138,40.01179,116.275776,50.1,,4
842,0,1,2362.84,3.21,139,40.01179,116.275813,49.9,,2
843,0,1,2365.7,3.3,139,40.01179,116.275851,49.8,,1
844,0,1,2369.03,3.01,139,40.011793,116.275888,49.8,,2
845,0,1,2372.26,2.88,139,40.011797,116.275925,49.8,,2
846,0,1,2375.4,2.87,139,40.011804,116.275961,49.7,,3
847,0,1,2378.73,3.1,140,40.011813,116.275997,49.7,,3
848,0,1,2382.31,3.23,140,40.011821,116.276033,49.7,,3
849,0,1,2384.61,3.01,140,40.011827,116.276069,49.6,,5
850,0,1,2388.24,3.19,140,40.01183,116.276106,49.6,,5
851,0,1,2391.63,3.04,140,40.011831,116.276143,49.6,,3
852,0,1,2394.07,3.09,141,40.011833,116.276181,49.5,,3
853,0,1,2397.54,2.85,141,40.011836,116.276218,49.5,,5
854,0,1,2400.34,2.8,141,40.011842,116.276254,49.5,,4
855,0,1,2403.28,2.67,141,40.011852,116.276289,49.5,,4
856,0,1,2406.6,2.73,141,40.011866,116.276323,49.5,,4
857,0,1,2410.33,3.26,141,40.011881,116.276358,49.4,,4
858,0,1,2412.2,2.93,142,40.011894,116.276393,49.4,,2
859,0,1,2415.83,3.25,142,40.011906,116.276429,49.4,,5
860,0,1,2419.08,2.96,142,40.011915,116.276465,49.4,,3
861,0,1,2422.38,3.11,142,40.011922,116.276503,49.4,,1
862,0,1,2425.79,3.12,142,40.011928,116.27654,49.4,,1
863,0,1,2429.11,3.03,143,40.011932,116.276579,49.4,,3
864,0,1,2432.85,3.27,143,40.011935,116.276617,49.3,,4
865,0,1,2436.29,3.06,143,40.011938,116.276655,49.3,,2
866,0,1,2439.87,3.26,143,40.011941,116.276694,49.3,,3
867,0,1,2443.04,3.29,143,40.011943,116.276732,49.3,,3
868,0,1,2446.5,3.23,144,40.011946,116.276769,49.3,,3
869,0,1,2449.91,3.12,144,40.01195,116.276806,49.3,,1
870,0,1,2452.9,2.93,144,40.011953,116.276842,49.3,,3
871,0,1,2455.96,2.77,144,40.011957,116.276879,49.3,,2
872,0,1,2458.71,2.52,144,40.01196,116.276914,49.2,,3
873,0,1,2462.27,2.86,145,40.011964,116.27695,49.2,,5
874,0,1,2465.6,3.01,145,40.011967,116.276985,49.2,,5
875,0,1,2469.03,3.11,145,40.01197,116.277019,49.2,,4
876,0,1,2471.13,2.98,145,40.011972,116.277054,49.2,,3
877,0,1,2474.22,2.77,145,40.011975,116.277088,49.2,,4
878,0,1,2477.27,2.7,146,40.011978,116.277122,49.2,,3
879,0,1,2480.44,2.72,146,40.011982,116.277156,49.2,,2
880,0,1,2483.38,2.62,146,40.011988,116.277191,49.1,,4
881,0,1,2486.62,2.86,146,40.011996,116.277225,49.1,,3
882,0,1,2489.22,2.89,146,40.012006,116.277259,49.1,,3
883,0,1,2492.64,2.8,147,40.012017,116.277294,49.1,,2
884,0,1,2496.3,3.07,147,40.012028,116.277329,49.1,,3
885,0,1,2498.05,3.54,147,40.012039,116.277364,49.1,,3
886,0,1,2501.54,3.23,147,40.01205,116.2774,49.1,,3
887,0,1,2504.89,3.09,147,40.012061,116.277436,49.0,,2
888,0,1,2507.95,3.02,147,40.012072,116.277472,49.0,,2
889,0,1,2511.32,3.11,148,40.012084,116.277508,49.0,,2
890,0,1,2515.04,3.46,148,40.012097,116.277544,49.0,,1
891,0,1,2518.01,3.16,148,40.01211,116.277581,49.0,,3
892,0,1,2521.84,3.51,148,40.012124,116.277617,49.1,,3
893,0,1,2525.38,3.19,148,40.01214,116.277654,49.1,,3
894,0,1,2528.38,3.48,149,40.012156,116.27769,49.1,,3
895,0,1,2532.3,3.6,149,40.012173,116.277727,49.1,,3
896,0,1,2536.14,3.49,149,40.01219,116.277763,49.1,,3
897,0,1,2538.83,3.09,149,40.012205,116.277798,49.1,,2
898,0,1,2542.51,3.12,149,40.012216,116.277834,49.1,,4
899,0,1,2546.21,3.11,150,40.012225,116.277868,49.1,,2
900,0,1,2549.08,2.75,150,40.01223,116.277902,49.2,,2
901,0,1,2552.14,2.89,150,40.012233,116.277935,49.2,,1
902,0,1,2555.21,2.84,150,40.012234,116.277969,49.2,,0
903,0,1,2558.24,2.86,150,40.012235,116.278002,49.2,,3
904,0,1,2561.35,2.82,150,40.012235,116.278036,49.2,,3
905,0,1,2564.34,2.7,151,40.012234,116.278069,49.2,,3
906,0,1,2566.93,2.76,151,40.012233,116.278102,49.2,,3
907,0,1,2569.98,2.67,151,40.012231,116.278134,49.2,,3
908,0,1,2573.06,2.7,151,40.012229,116.278166,49.3,,3
909,0,1,2575.38,2.64,151,40.012226,116.278196,49.3,,3
910,0,1,2578.3,2.6,152,40.012223,116.278226,49.3,,4
911,0,1,2581.37,2.75,152,40.01222,116.278255,49.3,,4
912,0,1,2583.53,2.59,152,40.012216,116.278283,49.3,,1
913,0,1,2585.99,2.17,152,40.012212,116.27831,49.3,,1
914,0,1,2588.49,2.27,152,40.012209,116.278337,49.3,,2
915,0,1,2591.34,2.15,153,40.012205,116.278364,49.3,,2
916,0,1,2593.78,2.18,153,40.012203,116.278391,49.3,,3
917,0,1,2596.24,2.2,153,40.012201,116.278418,49.3,,3
918,0,1,2598.36,2.38,153,40.0122,116.278445,49.3,,3
919,0,1,2601.03,2.32,153,40.0122,116.278474,49.3,,2
920,0,1,2603.56,2.24,153,40.012201,116.278503,49.3,,1
921,0,1,2605.29,2.56,154,40.012204,116.278534,49.3,,3
922,0,1,2608.22,2.61,154,40.012207,116.278565,49.3,,3
923,0,1,2611.19,2.68,154,40.01221,116.278596,49.2,,3
924,0,1,2612.73,2.74,154,40.012214,116.278628,49.2,,3
925,0,1,2616.0,2.95,154,40.012217,116.27866,49.2,,2
926,0,1,2619.27,2.98,155,40.012221,116.278692,49.2,,1
927,0,1,2621.06,2.63,155,40.012225,116.278724,49.2,,1
928,0,1,2623.68,2.33,155,40.012229,116.278755,49.2,,2
929,0,1,2626.49,2.52,155,40.012233,116.278787,49.1,,4
930,0,1,2629.71,2.35,155,40.012239,116.278818,49.1,,2
931,0,1,2632.41,2.41,156,40.012244,116.278849,49.1,,3
932,0,1,2635.06,2.36,156,40.012251,116.27888,49.1,,3
933,0,1,2637.49,2.45,156,40.012257,116.278911,49.1,,2
934,0,1,2640.43,2.65,156,40.012264,116.278942,49.1,,4
935,0,1,2643.44,2.72,156,40.012271,116.278974,49.1,,2
936,0,1,2645.2,2.46,156,40.012278,116.279005,49.1,,3
937,0,1,2648.1,2.61,157,40.012286,116.279036,49.0,,3
938,0,1,2651.22,2.83,157,40.012293,116.279068,49.0,,5
939,0,1,2653.38,2.76,157,40.012301,116.279099,49.0,,1
940,0,1,2656.45,2.75,157,40.012308,116.279131,49.0,,1
941,0,1,2659.44,2.67,157,40.012316,116.279163,49.0,,2
942,0,1,2661.94,2.76,158,40.012323,116.279196,49.0,,3
943,0,1,2665.18,2.95,158,40.01233,116.279229,49.0,,3
944,0,1,2668.35,2.91,158,40.012337,116.279262,49.0,,3
945,0,1,2670.64,2.85,158,40.012344,116.279296,49.0,,2
946,0,1,2673.93,3.0,158,40.01235,116.27933,49.0,,4
947,0,1,2676.91,2.69,159,40.012356,116.279364,49.0,,4
948,0,1,2679.72,3.0,159,40.012362,116.279399,49.0,,1
949,0,1,2683.04,3.0,159,40.012367,116.279435,49.0,,4
950,0,1,2686.5,3.17,159,40.012372,116.27947,49.0,,2
951,0,1,2688.95,3.16,159,40.012377,116.279506,49.0,,3
952,0,1,2692.25,3.01,159,40.012382,116.279542,49.0,,3
953,0,1,2695.98,3.44,160,40.012387,116.279578,49.0,,3
954,0,1,2698.55,3.05,160,40.012392,116.279615,49.0,,2
955,0,1,2701.79,2.98,160,40.012397,116.279651,49.0,,4
956,0,1,2704.9,2.85,160,40.012401,116.279688,49.0,,3
957,0,1,2708.16,2.67,160,40.012406,116.279724,49.0,,2
958,0,1,2711.4,2.92,161,40.012411,116.279761,49.0,,3
959,0,1,2714.48,2.76,161,40.012416,116.279797,49.0,,3
960,0,1,2717.16,2.99,161,40.012421,116.279834,49.0,,3
961,0,1,2720.54,3.06,161,40.012427,116.27987,49.0,,3
962,0,1,2723.87,3.04,161,40.012433,116.279906,49.0,,3
963,0,1,2726.21,3.27,161,40.012439,116.279942,49.0,,3
964,0,1,2729.64,3.14,162,40.012445,116.279977,49.0,,2
965,0,1,2732.82,2.89,162,40.012452,116.280013,49.0,,1
966,0,1,2735.7,2.73,162,40.012458,116.280048,48.9,,3
967,0,1,2738.93,2.94,162,40.012465,116.280083,48.9,,3
968,0,1,2742.19,2.97,162,40.012472,116.280119,48.9,,6
969,0,1,2744.92,3.21,163,40.012479,116.280154,48.8,,4
970,0,1,2748.34,3.13,163,40.012486,116.280189,48.8,,3
971,0,1,2751.82,3.19,163,40.012493,116.280225,48.7,,4
972,0,1,2754.43,3.06,163,40.012499,116.280261,48.7,,4
973,0,1,2757.84,3.12,163,40.012506,116.280298,48.7,,1
974,0,1,2761.38,3.25,164,40.012512,116.280335,48.6,,4
975,0,1,2764.07,2.96,164,40.012518,116.280372,48.6,,3
976,0,1,2767.27,2.91,164,40.012524,116.280409,48.6,,3
977,0,1,2770.54,2.98,164,40.012529,116.280445,48.5,,3
978,0,1,2773.57,3.11,164,40.012535,116.280482,48.5,,4
979,0,1,2777.24,3.35,164,40.012542,116.280519,48.5,,4
980,0,1,2780.7,3.14,165,40.012548,116.280554,48.4,,2
981,0,1,2782.99,3.15,165,40.012555,116.28059,48.4,,3
982,0,1,2786.42,3.11,165,40.012561,116.280625,48.4,,3
983,0,1,2789.6,2.86,165,40.012566,116.280659,48.4,,5
984,0,1,2792.58,2.74,165,40.012569,116.280692,48.3,,3
985,0,1,2795.45,2.55,166,40.012569,116.280725,48.3,,4
986,0,1,2798.62,2.61,166,40.012566,116.280757,48.2,,3
987,0,1,2801.37,2.67,166,40.012562,116.280789,48.2,,4
988,0,1,2804.26,2.89,166,40.012558,116.280823,48.2,,4
989,0,1,2807.33,3.07,166,40.012556,116.280858,48.1,,3
990,0,1,2809.62,3.21,167,40.012557,116.280896,48.1,,3
991,0,1,2812.96,3.34,167,40.012562,116.280936,48.1,,8
992,0,1,2815.44,2.48,167,40.012568,116.280977,48.1,,8
993,0,1,2818.57,2.38,167,40.012574,116.281016,48.2,,5
994,0,1,2821.1,2.53,167,40.01258,116.281052,48.2,,1
995,0,1,2823.54,2.44,167,40.012584,116.281085,48.2,,1
996,0,1,2826.24,2.49,168,40.012589,116.281117,48.2,,3
997,0,1,2829.22,2.98,168,40.012596,116.281151,48.2,,2
998,0,1,2832.28,3.06,168,40.012608,116.28119,48.2,,4
999,0,1,2834.38,2.1,168,40.012626,116.281234,48.2,,2
1000,0,1,2836.54,2.16,168,40.012646,116.281281,48.3,,3
1001,0,1,2838.68,2.14,169,40.012661,116.281325,48.3,,4
1002,0,1,2840.66,1.98,169,40.012667,116.281361,48.3,,4
1003,0,1,2843.36,2.7,169,40.012669,116.281393,48.3,,5
1004,0,1,2845.86,1.91,169,40.012671,116.281423,48.3,,2
1005,0,1,2847.56,1.35,169,40.012674,116.281453,48.3,,5
1006,0,1,2847.56,2.23,169,40.012676,116.281483,48.3,,6
1007,0,1,2847.56,2.54,170,40.012679,116.281514,48.3,,6
1008,0,1,2850.57,2.66,170,40.012682,116.281546,48.3,,4
1009,0,1,2853.68,2.79,170,40.012684,116.28158,48.2,,3
1010,0,1,2857.19,3.19,170,40.012687,116.281614,48.2,,3
1011,0,1,2860.69,3.15,170,40.012689,116.281649,48.2,,1
1012,0,1,2863.91,2.93,171,40.012691,116.281685,48.3,,1
1013,0,1,2866.91,2.65,171,40.012693,116.281721,48.4,,4
1014,0,1,2869.88,2.68,171,40.012695,116.281757,48.5,,4
1015,0,1,2872.91,2.74,171,40.012697,116.281792,48.6,,3
1016,0,1,2872.91,2.91,171,40.012698,116.281828,48.7,,2
1017,0,1,2872.91,2.9,172,40.0127,116.281862,48.8,,3
1018,0,1,2876.1,2.9,172,40.012702,116.281896,48.9,,3
1019,0,1,2897.25,2.95,172,40.012704,116.28193,49.0,,3
1020,0,1,2900.4,2.83,172,40.012706,116.281964,49.1,,3
1021,0,1,2903.42,2.7,172,40.012708,116.281997,49.1,,2
1022,0,1,2909.36,2.7,172,40.01271,116.28203,49.2,,3
1023,0,1,2912.42,2.68,173,40.012713,116.282063,49.3,,2
1024,0,1,2915.54,2.68,173,40.012715,116.282096,49.4,,2
1025,0,1,2917.81,2.75,173,40.012717,116.282129,49.5,,3
1026,0,1,2920.77,2.67,173,40.01272,116.282161,49.6,,2
1027,0,1,2923.78,2.72,173,40.012723,116.282194,49.7,,4
1028,0,1,2926.23,2.64,174,40.012725,116.282227,49.7,,2
1029,0,1,2929.43,2.91,174,40.012728,116.282261,49.8,,3
1030,0,1,2932.64,2.92,174,40.012731,116.282294,49.9,,4
1031,0,1,2934.63,2.94,174,40.012735,116.282328,50.0,,4
1032,0,1,2937.98,2.97,174,40.012738,116.282363,50.1,,3
1033,0,1,2941.22,2.95,175,40.012742,116.282398,50.2,,3
1034,0,1,2943.66,3.01,175,40.012746,116.282433,50.2,,2
1035,0,1,2946.67,2.72,175,40.01275,116.282469,50.3,,2
1036,0,1,2949.91,2.98,175,40.012754,116.282505,50.4,,5
1037,0,1,2952.89,2.97,175,40.012758,116.282541,50.4,,4
1038,0,1,2956.22,3.01,175,40.012763,116.282578,50.3,,2
1039,0,1,2959.77,3.23,176,40.012767,116.282615,50.3,,4
1040,0,1,2962.07,3.19,176,40.012772,116.282652,50.3,,2
1041,0,1,2965.6,3.21,176,40.012776,116.28269,50.3,,3
1042,0,1,2969.07,3.15,176,40.01278,116.282727,50.2,,1
1043,0,1,2971.71,3.21,176,40.012785,116.282764,50.2,,4
1044,0,1,2975.13,3.13,177,40.012789,116.282801,50.2,,3
1045,0,1,2978.36,2.94,177,40.012793,116.282838,50.1,,3
1046,0,1,2981.29,3.1,177,40.012797,116.282875,50.1,,3
1047,0,1,2984.78,3.2,177,40.0128,116.282912,50.1,,3
1048,0,1,2987.93,2.86,177,40.012804,116.282948,50.0,,1
1049,0,1,2990.49,2.89,178,40.012807,116.282984,50.0,,3
1050,0,1,2993.8,3.02,178,40.01281,116.283019,50.0,,2
1051,0,1,2996.93,2.84,178,40.012812,116.283054,49.9,,1
1052,0,1,2999.43,2.92,178,40.012815,116.283088,49.9,,3
1053,0,1,3002.91,3.22,178,40.012817,116.283122,49.8,,5
1054,0,1,3006.08,2.91,178,40.012818,116.283156,49.8,,5
1055,0,1,3008.32,2.76,179,40.01282,116.283189,49.8,,3
1056,0,1,3011.58,3.0,179,40.012822,116.283223,49.8,,3
1057,0,1,3014.75,2.91,179,40.012823,116.283256,49.7,,3
1058,0,1,3017.36,2.84,179,40.012825,116.283288,49.7,,7
1059,0,1,3020.55,2.9,179,40.012827,116.283321,49.7,,5
1060,0,1,3023.45,2.61,180,40.012828,116.283354,49.6,,5
1061,0,1,3026.18,2.61,180,40.01283,116.283387,49.5,,4
1062,0,1,3029.07,2.6,180,40.012832,116.28342,49.5,,2
1063,0,1,3031.86,2.5,180,40.012835,116.283453,49.4,,3
1064,0,1,3034.46,2.66,180,40.012837,116.283486,49.4,,3
1065,0,1,3037.54,2.79,180,40.012841,116.28352,49.3,,3
1066,0,1,3040.66,2.83,181,40.012844,116.283554,49.2,,4
1067,0,1,3042.6,2.81,181,40.012848,116.283588,49.1,,3
1068,0,1,3045.85,2.93,181,40.012852,116.283622,49.1,,2
1069,0,1,3049.08,2.91,181,40.012858,116.283658,49.0,,4
1070,0,1,3051.34,3.12,181,40.012863,116.283693,48.9,,4
1071,0,1,3054.84,3.18,182,40.012869,116.283729,48.8,,4
1072,0,1,3058.26,3.1,182,40.012875,116.283765,48.7,,4
1073,0,1,3060.61,3.09,182,40.012881,116.283802,48.6,,1
1074,0,1,3064.3,3.31,182,40.012888,116.283839,48.6,,3
1075,0,1,3067.67,3.08,182,40.012894,116.283876,48.5,,3
1076,0,1,3070.23,3.27,182,40.012901,116.283912,48.4,,3
1077,0,1,3073.65,3.16,183,40.012907,116.283949,48.3,,2
1078,0,1,3077.05,3.14,183,40.012913,116.283986,48.2,,3
1079,0,1,3080.05,3.06,183,40.012919,116.284023,48.2,,3
1080,0,1,3083.38,3.04,183,40.012924,116.28406,48.1,,2
1081,0,1,3086.77,3.1,183,40.012929,116.284096,48.0,,4
1082,0,1,3089.62,3.16,184,40.012933,116.284132,48.0,,2
1083,0,1,3093.01,3.1,184,40.012936,116.284168,47.9,,3
1084,0,1,3096.26,2.96,184,40.012939,116.284203,47.9,,3
1085,0,1,3098.96,3.07,184,40.012941,116.284238,47.8,,3
1086,0,1,3101.89,2.64,184,40.012941,116.284273,47.8,,3
1087,0,1,3104.92,2.74,184,40.012942,116.284307,47.8,,2
1088,0,1,3108.07,3.01,185,40.012943,116.284341,47.8,,4
1089,0,1,3111.54,3.0,185,40.012945,116.284376,47.8,,2
1090,0,1,3115.36,3.26,185,40.012948,116.28441,47.7,,3
1091,0,1,3116.81,3.15,185,40.012954,116.284446,47.7,,3
1092,0,1,3120.53,3.13,185,40.012961,116.284481,47.7,,3
1093,0,1,3123.93,2.93,185,40.012969,116.284518,47.6,,3
1094,0,1,3126.05,3.09,186,40.012977,116.284554,47.6,,3
1095,0,1,3129.23,2.86,186,40.012983,116.28459,47.5,,2
1096,0,1,3132.67,3.12,186,40.012989,116.284626,47.5,,3
1097,0,1,3135.52,3.14,186,40.012993,116.284663,47.5,,3
1098,0,1,3138.85,3.01,186,40.012997,116.284699,47.5,,3
1099,0,1,3142.2,3.03,187,40.013,116.284735,47.5,,3
1100,0,1,3144.98,3.15,187,40.013003,116.284771,47.4,,3
1101,0,1,3148.38,3.14,187,40.013005,116.284807,47.4,,3
1102,0,1,3151.5,2.86,187,40.013006,116.284842,47.4,,3
1103,0,1,3154.32,2.73,187,40.013007,116.284878,47.4,,2
1104,0,1,3157.47,2.86,187,40.013008,116.284913,47.4,,4
1105,0,1,3160.7,2.91,188,40.013009,116.284948,47.4,,5
1106,0,1,3163.43,3.01,188,40.01301,116.284983,47.4,,1
1107,0,1,3167.05,3.24,188,40.013011,116.285018,47.4,,3
1108,0,1,3170.68,3.13,188,40.013012,116.285053,47.5,,3
1109,0,1,3172.48,2.53,188,40.013013,116.285087,47.6,,3
1110,0,1,3175.72,2.71,188,40.013015,116.285121,47.6,,3
1111,0,1,3178.57,2.5,189,40.013017,116.285155,47.7,,2
1112,0,1,3181.47,2.57,189,40.01302,116.285188,47.7,,3
1113,0,1,3184.67,2.91,189,40.013023,116.285221,47.8,,4
1114,0,1,3188.0,3.01,189,40.013027,116.285253,47.9,,2
1115,0,1,3189.94,3.16,189,40.013032,116.285286,47.9,,3
1116,0,1,3193.41,3.15,190,40.013037,116.285318,48.0,,3
1117,0,1,3196.69,2.96,190,40.013044,116.285349,48.0,,3
1118,0,1,3199.13,2.55,190,40.013052,116.28538,48.1,,2
1119,0,1,3201.95,2.23,190,40.013062,116.28541,48.1,,2
1120,-1,,3201.95,,,,,,,
